{"_runtime":0.8485188,"_step":0,"trial_params":{"iterations":1000,"bootstrap_type":"Bernoulli","early_stopping_rounds":100,"learning_rate":0.14548563115761493,"random_strength":1.4596894836764005,"subsample":0.8742549763807655,"eval_metric":"F1","l2_leaf_reg":29.50807858059811,"class_weights":[1,14.776731973338709],"depth":4,"verbose":0,"grow_policy":"SymmetricTree","random_seed":42},"_timestamp":1.738057332970384e+09,"_wandb":{"runtime":65}}