{"_timestamp":1.7380621495979166e+09,"_runtime":1277.4332299,"_step":39,"trial_number":13,"mean_f1_score":0.14529133574235273,"trial_metrics":{"ncols":2,"nrows":1,"_type":"table-file","sha256":"6dbb0c4de56d5bc6ee938c79903ea879fbcdd824682352c4a4ad50f123e90f4b","size":83,"artifact_path":"wandb-client-artifact://xtyn24iqx0y7w7o65oceeol0267zwucqhvpasi0au3pgozd3h443517o5t9m3vanfn4wtbp62kpd5act4u7f3iv6mlu69p1lpmq3056lvsje2yvm642yc2miym41a88e/trial_metrics.table.json","_latest_artifact_path":"wandb-client-artifact://k0b3pbjcp1g57mpue61wg5nn9d7gtkdq7pj12os8eusj83l7g8nkezc8271ax0lnt88ovi5umryzp5r0wgf9vmstu6ql7rqv5w7m6z8lvpby6yx4k07abbshktxt6sfs:latest/trial_metrics.table.json","path":"media/table/trial_metrics_38_6dbb0c4de56d5bc6ee93.table.json"},"_wandb":{"runtime":1352},"trial_params":{"l2_leaf_reg":15.722208700793853,"random_strength":0.816944726756351,"iterations":1000,"eval_metric":"F1","random_seed":42,"bagging_temperature":0.5218768489983225,"bootstrap_type":"Bayesian","early_stopping_rounds":100,"class_weights":[1,14.776731973338709],"depth":3,"verbose":0,"learning_rate":0.12116368238141974,"grow_policy":"SymmetricTree","min_data_in_leaf":1,"subsample":0.7268727450411712}}