{"test_f1":0.14893148270544174,"fold_2_f1":0.1480046731845293,"fold_3_f1":0.14763958571721972,"_wandb":{"runtime":122},"fold_4_f1":0.14186624040190676,"average_f1":0.1445668961698636,"_step":6,"_timestamp":1.737902461587517e+09,"best_f1":0.1480046731845293,"current_fold":5,"fold_5_f1":0.1427557019910813,"_runtime":122.1250399,"fold_1_f1":0.14256827955458093}