{"_step":6,"initial_columns":15,"_wandb":{"runtime":235},"fold_1_train_size":236419,"fold_1_positive_ratio":0.06760031977125358,"fold_3_val_size":59105,"fold_2_train_size":236419,"_timestamp":1.737906655539806e+09,"numerical_features":10,"fold_3_train_size":236419,"_runtime":235.6039357,"fold_4_val_size":59104,"initial_rows":389163,"fold_0_val_size":59105,"total_features":16,"initial_missing_values":531042,"categorical_features":5,"fold_3_positive_ratio":0.06760031977125358,"fold_4_train_size":236420,"fold_2_positive_ratio":0.06760031977125358,"fold_0_positive_ratio":0.06760454954974009,"fold_0_train_size":236419,"fold_2_val_size":59105,"fold_1_val_size":59105,"fold_4_positive_ratio":0.06760426359868031}