{"trial_params":{"subsample":0.7527086776896089,"l2_leaf_reg":22.344284645001096,"class_weights":[1,14.776731973338709],"bagging_temperature":0.35673546393039124,"random_strength":0.6907647722764656,"verbose":0,"random_seed":42,"min_data_in_leaf":9,"bootstrap_type":"Bayesian","early_stopping_rounds":100,"learning_rate":0.13713277654148437,"depth":3,"iterations":1000,"grow_policy":"Depthwise","eval_metric":"F1"},"_timestamp":1.738058449322544e+09,"_runtime":842.2230466,"_step":6,"_wandb":{"runtime":906}}