{"_step":6,"trial_number":2,"mean_f1_score":0.1432026949344169,"trial_metrics":{"ncols":2,"nrows":1,"_type":"table-file","sha256":"7a6d55daf12bc8c4ac5fa92d9615c095a07c9171e5f957821544ae399e6949bd","size":81,"artifact_path":"wandb-client-artifact://vgrfmjuf3i98m8ms3s4o4439zkls3hacpwygvpmcu1tvtq0go6v3131rh609osp22gln88w7uzlu0ivles6jdur0bypum2b39cwfvwle5wc4vjbx3jyzmu3fdywooeyc/trial_metrics.table.json","_latest_artifact_path":"wandb-client-artifact://ann1826rsjk1z3j0988mluq96sqrby1535qwrnpo54zacm55vm5bw4n8sm4615qqv0ho8zj8hk7cqlcr9ky542d8dab14d9h3jde6fb5z4z6hseo1lr7byqmfb805xlt:latest/trial_metrics.table.json","path":"media/table/trial_metrics_5_7a6d55daf12bc8c4ac5f.table.json"},"_wandb":{"runtime":163},"trial_params":{"iterations":1000,"l2_leaf_reg":36.73873114321625,"min_data_in_leaf":9,"eval_metric":"F1","learning_rate":0.0822998890836256,"early_stopping_rounds":100,"random_strength":0.44806547263125407,"class_weights":[1,14.776731973338709],"bootstrap_type":"MVS","depth":3,"verbose":0,"bagging_temperature":0.48852783871347694,"grow_policy":"SymmetricTree","random_seed":42},"_timestamp":1.7380595342981255e+09,"_runtime":124.9154902}