{"acc":0.8402401167892777,"loss":0.17457457695781575,"_timestamp":1.7377104982907937e+09,"_runtime":1.3102137,"_step":7,"_wandb":{"runtime":1}}