iter	F1	Logloss
0	0.5633700292	0.6919612875
1	0.5633700292	0.6911067986
2	0.5734660946	0.6890936214
