{"acc":0.8621947797708435,"_wandb":{"runtime":0},"loss":0.055619620373571835,"_timestamp":1.7377129943956742e+09,"_runtime":0.950111,"_step":7}