{"fold_4_f1":0.1436460859655787,"best_f1":0.14727101153693953,"fold_5_f1":0.14235597692151575,"fold_1_f1":0.14528547737502961,"fold_2_f1":0.14727101153693953,"_runtime":169.3827391,"fold_3_f1":0.14623967540936098,"_timestamp":1.7379054104311483e+09,"_step":6,"test_f1":0.1485866151244262,"_wandb":{"runtime":169},"average_f1":0.1449596454416849}