{"_timestamp":1.7380590801452029e+09,"_runtime":533.0024797,"_step":4,"trial_params":{"subsample":0.6246980036881526,"iterations":1000,"class_weights":[1,14.776731973338709],"min_data_in_leaf":10,"verbose":0,"random_seed":42,"depth":4,"learning_rate":0.12254882100574051,"l2_leaf_reg":27.25767931831166,"eval_metric":"F1","bootstrap_type":"Bernoulli","random_strength":0.626149289656177,"early_stopping_rounds":100,"bagging_temperature":0.6168771180923145,"grow_policy":"SymmetricTree"},"_wandb":{"runtime":645}}