{"_wandb":{"runtime":42},"fold_1_f1":0.14738375622192545,"_timestamp":1.7380656302772317e+09,"_runtime":28.6951187,"_step":1,"fold_2_f1":0.14164868854320428}