{"loss":0.1880289886317547,"_timestamp":1.737897489594158e+09,"_wandb":{"runtime":0},"_runtime":0.6016029,"_step":7,"acc":0.8376938618775975}