{"_step":0,"accuracy":0.88,"precision":0.9368421052631579,"recall":0.8317757009345794,"_timestamp":1.737710239146559e+09,"_wandb":{"runtime":36},"_runtime":0.885315}