{"fold_2_f1":0.14727101153693953,"_wandb":{"runtime":159},"best_f1":0.14727101153693953,"_timestamp":1.7379058372750282e+09,"test_f1":0.1485866151244262,"fold_3_f1":0.14623967540936098,"fold_5_f1":0.14235597692151575,"_step":6,"_runtime":159.1587623,"average_f1":0.1449596454416849,"fold_4_f1":0.1436460859655787,"fold_1_f1":0.14528547737502961}