{"acc":0.8164825213905599,"f1_score":0.12627324495646913,"_timestamp":1.73771370836748e+09,"_runtime":1.290871,"classification_report":{"0":{"recall":0,"f1-score":0,"support":7,"precision":0},"accuracy":0.12,"8":{"support":9,"precision":0.06666666666666667,"recall":0.1111111111111111,"f1-score":0.08333333333333333},"3":{"f1-score":0.09523809523809523,"support":7,"precision":0.07142857142857142,"recall":0.14285714285714285},"macro avg":{"support":100,"precision":0.12158730158730158,"recall":0.1037118437118437,"f1-score":0.10610950790269028},"4":{"support":10,"precision":0.1111111111111111,"recall":0.1,"f1-score":0.10526315789473684},"1":{"f1-score":0.10526315789473684,"support":13,"precision":0.16666666666666666,"recall":0.07692307692307693},"9":{"precision":0.26666666666666666,"recall":0.2857142857142857,"f1-score":0.27586206896551724,"support":14},"6":{"recall":0,"f1-score":0,"support":7,"precision":0},"weighted avg":{"precision":0.14711111111111108,"recall":0.12,"f1-score":0.12627324495646913,"support":100},"5":{"precision":0.2,"recall":0.15384615384615385,"f1-score":0.17391304347826086,"support":13},"2":{"precision":0.3333333333333333,"recall":0.16666666666666666,"f1-score":0.2222222222222222,"support":12},"7":{"precision":0,"recall":0,"f1-score":0,"support":8}},"_step":23,"_wandb":{"runtime":1},"loss":0.23488595415854874,"Confusion Matrix":{"bins":[0,0.125,0.25,0.375,0.5,0.625,0.75,0.875,1,1.125,1.25,1.375,1.5,1.625,1.75,1.875,2,2.125,2.25,2.375,2.5,2.625,2.75,2.875,3,3.125,3.25,3.375,3.5,3.625,3.75,3.875,4],"_type":"histogram","values":[40,0,0,0,0,0,0,0,34,0,0,0,0,0,0,0,16,0,0,0,0,0,0,0,6,0,0,0,0,0,0,4]}}