iter	PRAUC:type=Classic	Logloss
0	0.5896751797	0.6912850268
1	0.5986550083	0.6894668854
2	0.5995925057	0.6882590752
3	0.6045746664	0.6865346507
4	0.6053788173	0.68521842
5	0.6084479336	0.6836900735
6	0.6081096485	0.6826191271
7	0.6076395936	0.6816919887
