iter	PRAUC:type=Classic	Logloss
0	0.5870740167	0.6913522707
1	0.5930624858	0.6898225885
2	0.5934110423	0.6883829191
3	0.5966620692	0.687191546
4	0.6029357315	0.6855357882
