{"loss":0.21076144463912305,"_timestamp":1.737709885407551e+09,"_wandb":{"runtime":1},"_runtime":1.242008,"_step":7,"acc":0.8223952394313176}