{"_timestamp":1.7379019355147724e+09,"_runtime":154.5260987,"_step":0,"best_iteration":687,"train_f1":0.35516948014149463,"_wandb":{"runtime":154},"valid_f1":0.2901752283959862}