{"trial_params":{"grow_policy":"Depthwise","l2_leaf_reg":15.724982808708633,"verbose":0,"subsample":0.6676023097025449,"random_strength":1.1904735403211668,"learning_rate":0.13490375334707067,"random_seed":42,"early_stopping_rounds":100,"min_data_in_leaf":9,"depth":5,"bagging_temperature":0.5621123459012801,"class_weights":[1,14.776731973338709],"eval_metric":"F1","iterations":1000,"bootstrap_type":"Bayesian"},"_timestamp":1.7380626977801898e+09,"_runtime":434.9735889,"mean_f1_score":0.1437996058387343,"trial_number":6,"trial_metrics":{"_type":"table-file","sha256":"328fc590463a2b57b4712a46a8de36ff7f1c19ad0d8410ea9d8c1ad44db0bca3","size":81,"artifact_path":"wandb-client-artifact://1s23yrgwqs5q61tka7mxost0mvrny6t6al164o91dgnjlddu9ipk2sf2a02fww9kario9qoypgwnkr1svw90pg7jgglz2ahkam1jgpfivfrsxaf9065ddcuz0qiw5ujk/trial_metrics.table.json","_latest_artifact_path":"wandb-client-artifact://4ilpfzlyoisfuipotw997qqwkcyk7cil5a3doy5jwlg104dlz6rp2ynyinm2xfxa7xtd5bnje2nezmw4wvlnwwqg0tq3x0ytt6ehxjtuql273db3zzx6wsz70sv3lb8w:latest/trial_metrics.table.json","path":"media/table/trial_metrics_17_328fc590463a2b57b471.table.json","ncols":2,"nrows":1},"_wandb":{"runtime":440},"_step":18}