{"_step":7,"_wandb":{"runtime":0},"acc":0.9853830616230685,"loss":0.03313122517716817,"_timestamp":1.737712792385837e+09,"_runtime":0.809966}