{
    "depth": 4,
    "learning_rate": 0.12260244698341995,
    "l2_leaf_reg": 31.73905835504909,
    "random_strength": 0.9824291493880413,
    "bootstrap_type": "Bernoulli",
    "subsample": 0.6561609723279085,
    "iterations": 1000,
    "eval_metric": "F1",
    "auto_class_weights": "Balanced",
    "early_stopping_rounds": 100,
    "random_seed": 42,
    "verbose": 0
}