{
    "depth": 5,
    "learning_rate": 0.10078340823994446,
    "l2_leaf_reg": 36.142056220652265,
    "random_strength": 3.0542483691590916,
    "rsm": 0.9832561075586458,
    "leaf_estimation_iterations": 23,
    "bootstrap_type": "Bernoulli",
    "subsample": 0.6551192707877351,
    "iterations": 1000,
    "eval_metric": "F1",
    "auto_class_weights": "Balanced",
    "early_stopping_rounds": 100,
    "random_seed": 42,
    "verbose": 0
}