{
    "depth": 12,
    "learning_rate": 0.0659907367898252,
    "l2_leaf_reg": 20.40487711676504,
    "random_strength": 2.4733218929286873,
    "rsm": 0.6962095334744144,
    "leaf_estimation_iterations": 24,
    "bootstrap_type": "Bernoulli",
    "subsample": 0.7190115698537434,
    "iterations": 1000,
    "eval_metric": "F1",
    "auto_class_weights": "Balanced",
    "early_stopping_rounds": 100,
    "random_seed": 42,
    "verbose": 0
}