{
    "depth": 10,
    "learning_rate": 0.032719762588362004,
    "l2_leaf_reg": 15.211014399446595,
    "random_strength": 3.336989858730609,
    "rsm": 0.993427421738199,
    "leaf_estimation_iterations": 8,
    "bootstrap_type": "Bernoulli",
    "subsample": 0.6457806800175449,
    "iterations": 1000,
    "eval_metric": "F1",
    "auto_class_weights": "Balanced",
    "early_stopping_rounds": 100,
    "random_seed": 42,
    "verbose": 0
}