{
    "depth": 6,
    "learning_rate": 0.11827783602136797,
    "l2_leaf_reg": 34.232809474716795,
    "random_strength": 3.450500699992711,
    "rsm": 0.9874970085366408,
    "leaf_estimation_iterations": 20,
    "bootstrap_type": "Bernoulli",
    "subsample": 0.8557219436695568,
    "iterations": 1000,
    "eval_metric": "F1",
    "auto_class_weights": "Balanced",
    "early_stopping_rounds": 100,
    "random_seed": 42,
    "verbose": 0
}