{
    "depth": 9,
    "learning_rate": 0.051751964975140244,
    "l2_leaf_reg": 23.91628159135759,
    "random_strength": 2.7141857605534705,
    "rsm": 0.8960443431407059,
    "leaf_estimation_iterations": 15,
    "bootstrap_type": "Bernoulli",
    "subsample": 0.6314055468660907,
    "iterations": 1000,
    "eval_metric": "PRAUC:type=Classic",
    "auto_class_weights": "Balanced",
    "early_stopping_rounds": 100,
    "random_seed": 42,
    "verbose": 0
}